{"id":"31c97ef8-9c73-4b1b-b297-5f3406abb82f","name":"Challenge 1","description":"Resolve 2 simply exercises to unlock the next challenge.","refs":["EX_1","EX_2"],"mode":"NORMAL","mode_parameters":[],"locked":false,"hidden":false,"difficulty":"BEGINNER","children":["48fd7268-e277-405d-8156-1817bd375cdf"],"rules":[{"is_deleted":false,"created_at":"2022-01-14T15:10:14.994Z","updated_at":"2022-01-14T15:11:28.658Z","sha":"2b22b2a31c06a6f65f0349d1450e2c68b26ee46f","id":"3da95a23-8e26-4ffb-a7ce-174bbe9194c2","gl_id":"7016f293-b154-4a4c-b86e-e605ddda5e8f","challenge_id":"31c97ef8-9c73-4b1b-b297-5f3406abb82f","name":"Get 1st Reward","triggers":[{"kind":"ACTION","event":"CHALLENGE_COMPLETED","recurrent":false,"parameters":["31c97ef8-9c73-4b1b-b297-5f3406abb82f"]}],"criteria":{"conditions":[],"junctors":[]},"actions":[{"type":"GIVE","parameters":[]}]}],"rewards":[{"is_deleted":false,"created_at":"2022-01-14T15:09:00.744Z","updated_at":"2022-01-14T15:13:49.968Z","sha":"b5f566c407f3ae88bb6607d23902cbeeabda9e00","id":"c6a1469c-a2d5-4c83-a2bf-3e1551d292a7","gl_id":"7016f293-b154-4a4c-b86e-e605ddda5e8f","challenge_id":"31c97ef8-9c73-4b1b-b297-5f3406abb82f","name":"Challenge 1 Completed!","description":"Congratulation you completed the first challenge","kind":"POINT","recurrent":false,"image":null,"cost":0,"amount":10,"message":"","challenge_ids":[]}],"leaderboards":[]}
